Name,Gene(s),Protein change,Germline classification,Germline review status
NM_001110792.2(MECP2):c.1196_*5215del (p.Pro399_Ter499delinsXaa),MECP2,,Pathogenic,"criteria provided, single submitter"
NM_001110792.2(MECP2):c.1114_*2524del (p.Ser372fs),MECP2,"S372fs, S267fs, S360fs, S137fs",Pathogenic,"criteria provided, single submitter"
NM_001110792.2(MECP2):c.1089_*2300del (p.Pro363_Ter499delinsXaa),MECP2,,Pathogenic,"criteria provided, single submitter"
NM_001110792.2(MECP2):c.1182_*452del (p.Leu394_Ter499delinsXaa),MECP2,,Pathogenic,"criteria provided, single submitter"
NM_001110792.2(MECP2):c.1194_*261del (p.Pro399fs),MECP2,"P294fs, P399fs, P387fs, P164fs",Pathogenic,"criteria provided, single submitter"
NM_001110792.2(MECP2):c.1194_*117del (p.Pro399fs),MECP2,"P294fs, P387fs, P399fs, P164fs",Pathogenic,"criteria provided, single submitter"
NM_004992.3(MECP2):c.1276_*113del299ins3,MECP2,,Pathogenic,"criteria provided, single submitter"
NM_004992.3(MECP2):c.27-4722_*112delinsCACTTTGTG,MECP2,,Pathogenic,"criteria provided, single submitter"
NM_001110792.2(MECP2):c.1199_*39del (p.Pro400fs),MECP2,"P295fs, P388fs, P400fs, P165fs",Pathogenic,"criteria provided, single submitter"
NM_001110792.2(MECP2):c.1209_*6del (p.Glu404fs),MECP2,"E169fs, E299fs, E392fs, E404fs",Pathogenic,"criteria provided, single submitter"
NM_001110792.2(MECP2):c.414_1497del (p.Pro139fs),MECP2,"P139fs, P34fs",Pathogenic,"criteria provided, single submitter"
NM_001110792.2(MECP2):c.1497A>G (p.Ter499Trp),MECP2,,Pathogenic,reviewed by expert panel
NM_001110792.2(MECP2):c.1491_1492dup (p.Ser498fs),MECP2,"S393fs, S486fs, S498fs, S263fs",Pathogenic,"criteria provided, single submitter"
NM_001110792.2(MECP2):c.1490_1493del (p.Val497fs),MECP2,"V485fs, V392fs, V497fs, V262fs",Pathogenic,reviewed by expert panel
NM_001110792.2(MECP2):c.1488_1489dup (p.Val497fs),MECP2,"V392fs, V497fs, V485fs, V262fs",Pathogenic,"criteria provided, single submitter"
NM_001110792.2(MECP2):c.1027_1489del (p.Lys343fs),MECP2,"K108fs, K238fs, K331fs, K343fs",Pathogenic,"criteria provided, single submitter"
NM_001110792.2(MECP2):c.1486_1489del (p.Arg496fs),MECP2,"R496fs, R391fs, R484fs, R261fs",Pathogenic,"criteria provided, multiple submitters, no conflicts"
NM_001110792.2(MECP2):c.1451_1452del (p.Glu484fs),MECP2,"E484fs, E379fs, E472fs, E249fs",Pathogenic/Likely pathogenic,"criteria provided, multiple submitters, no conflicts"
NM_001110792.2(MECP2):c.1446_1447del (p.Asn482fs),MECP2,"N377fs, N482fs, N470fs, N247fs",Pathogenic,"criteria provided, single submitter"
NM_004992.3(MECP2):c.763_1383del621ins15 (p.?),MECP2,,Pathogenic,"criteria provided, single submitter"
NM_001110792.2(MECP2):c.1400_1401insC (p.Glu467fs),MECP2,"E362fs, E455fs, E467fs, E232fs",Pathogenic,"criteria provided, single submitter"
NM_001110792.2(MECP2):c.1360_1400del (p.Thr454fs),MECP2,"T454fs, T349fs, T442fs, T219fs",Pathogenic,"criteria provided, single submitter"
NM_001110792.2(MECP2):c.1399G>T (p.Glu467Ter),MECP2,"E455*, E467*, E362*, E232*",Pathogenic,"criteria provided, single submitter"
NM_001110792.2(MECP2):c.1393C>T (p.Arg465Ter),MECP2,"R453*, R465*, R360*, R230*",Pathogenic,"criteria provided, multiple submitters, no conflicts"
NM_001110792.2(MECP2):c.1270_1373del (p.Val424fs),MECP2,"V412fs, V319fs, V424fs, V189fs",Pathogenic,"criteria provided, single submitter"
NM_001110792.2(MECP2):c.1151_1362del (p.His384fs),MECP2,"H372fs, H384fs, H279fs, H149fs",Pathogenic,"criteria provided, single submitter"
NM_001110792.2(MECP2):c.1356dup (p.Ala453fs),MECP2,"A441fs, A348fs, A453fs, A218fs",Pathogenic,"criteria provided, single submitter"
NM_001110792.2(MECP2):c.1267_1355del (p.Ser423fs),MECP2,"S188fs, S318fs, S411fs, S423fs",Pathogenic,"criteria provided, single submitter"
NM_001110792.2(MECP2):c.1344dup (p.Gln449fs),MECP2,"Q214fs, Q344fs, Q437fs, Q449fs",Pathogenic,"criteria provided, single submitter"
NM_001110792.2(MECP2):c.1344_1345del (p.Gln449fs),MECP2,"Q437fs, Q449fs, Q344fs, Q214fs",Pathogenic,"criteria provided, multiple submitters, no conflicts"
NM_001110792.2(MECP2):c.808_1334del (p.Glu270fs),MECP2,"E165fs, E258fs, E270fs, E35fs",Pathogenic,"criteria provided, single submitter"
NM_001110792.2(MECP2):c.1199_1319delinsAGTGAGCCTCCTCTGGGCATCTTCTCCTCTTTGCA (p.Pro400_Gly440delinsGlnTer),MECP2,,Pathogenic,"criteria provided, single submitter"
NM_001110792.2(MECP2):c.737_1311del (p.Ala246fs),MECP2,"A141fs, A234fs, A246fs, A11fs",Pathogenic,"criteria provided, single submitter"
NM_001110792.2(MECP2):c.1195_1309del (p.Pro399fs),MECP2,"P164fs, P294fs, P387fs, P399fs",Pathogenic,"criteria provided, single submitter"
NM_001110792.2(MECP2):c.998_1303delinsG (p.Lys333fs),MECP2,"K228fs, K333fs, K321fs, K98fs",Pathogenic,"criteria provided, single submitter"
NM_001110792.2(MECP2):c.1185_1273del (p.Pro396fs),MECP2,"P161fs, P291fs, P384fs, P396fs",Pathogenic,"criteria provided, single submitter"
NM_001110792.2(MECP2):c.1250_1266del (p.Pro417fs),MECP2,"P417fs, P312fs, P182fs",Pathogenic/Likely pathogenic,"criteria provided, multiple submitters, no conflicts"
NM_001110792.2(MECP2):c.1178_1263del (p.Pro393fs),MECP2,"P393fs, P288fs, P381fs, P158fs",Pathogenic,"criteria provided, single submitter"
NM_001110792.2(MECP2):c.903_1259delinsA (p.Ser303fs),MECP2,"S198fs, S303fs, S291fs, S68fs",Pathogenic,"criteria provided, single submitter"
NM_001110792.2(MECP2):c.1093_1255del (p.Gly365fs),MECP2,"G353fs, G365fs, G260fs, G130fs",Pathogenic,"criteria provided, single submitter"
NM_001110792.2(MECP2):c.1252C>T (p.Gln418Ter),MECP2,"Q406*, Q418*, Q313*, Q183*",Pathogenic,"criteria provided, multiple submitters, no conflicts"
NM_001110792.2(MECP2):c.1200_1249delinsCTGAGCACCCCCCAAGAAGGAGCACCACCACCATCACCACCACTCAGAGT (p.Pro401_Pro417delinsTer),MECP2,,Pathogenic/Likely pathogenic,"criteria provided, multiple submitters, no conflicts"
NM_001110792.2(MECP2):c.337_1247del911 (p.Pro113fs),MECP2,"M1fs, P101fs, P113fs, P8fs",Pathogenic,"criteria provided, single submitter"
NM_001110792.2(MECP2):c.1195_1246del (p.Pro399fs),MECP2,"P387fs, P294fs, P399fs, P164fs",Pathogenic/Likely pathogenic,"criteria provided, multiple submitters, no conflicts"
NM_001110792.2(MECP2):c.1168_1243del (p.Ala390fs),MECP2,"A155fs, A285fs, A378fs, A390fs",Pathogenic,"criteria provided, single submitter"
NM_001110792.2(MECP2):c.1209_1243del (p.Pro403_Glu404insTer),MECP2,,Pathogenic,"criteria provided, multiple submitters, no conflicts"
NM_001110792.2(MECP2):c.63-94_1243del,MECP2,,Pathogenic,"criteria provided, single submitter"
NM_001110792.2(MECP2):c.1206_1243del (p.Pro402_Pro403insTer),MECP2,,Pathogenic/Likely pathogenic,"criteria provided, multiple submitters, no conflicts"
NM_001110792.2(MECP2):c.1200_1243del (p.Pro400_Pro401insTer),MECP2,,Pathogenic,reviewed by expert panel
NM_001110792.2(MECP2):c.1241_1242insT (p.Pro415_Glu416insTer),MECP2,,Pathogenic,"criteria provided, single submitter"
NM_001110792.2(MECP2):c.1200_1242del (p.Pro401fs),MECP2,"P389fs, P296fs, P401fs, P166fs",Pathogenic,"criteria provided, multiple submitters, no conflicts"
NM_001110792.2(MECP2):c.1216_1241del (p.Glu406fs),MECP2,"E406fs, E301fs, E394fs, E171fs",Pathogenic,"criteria provided, multiple submitters, no conflicts"
NM_001110792.2(MECP2):c.1197_1241delinsA (p.Pro400_Pro401insTer),MECP2,,Pathogenic,"criteria provided, single submitter"
NM_001110792.2(MECP2):c.1168_1238del (p.Ala390fs),MECP2,"A285fs, A390fs, A378fs, A155fs",Pathogenic,"criteria provided, multiple submitters, no conflicts"
NM_001110792.2(MECP2):c.1048_1238del (p.Thr350fs),MECP2,"T338fs, T350fs, T245fs, T115fs",Pathogenic,"criteria provided, single submitter"
NM_001110792.2(MECP2):c.1149_1237del (p.His383fs),MECP2,"H148fs, H278fs, H371fs, H383fs",Pathogenic/Likely pathogenic,"criteria provided, multiple submitters, no conflicts"
NM_001110792.2(MECP2):c.1137_1237del (p.His379fs),MECP2,"H379fs, H274fs, H144fs",Pathogenic,"criteria provided, multiple submitters, no conflicts"
NM_001110792.2(MECP2):c.1152_1237del (p.His384fs),MECP2,"H279fs, H384fs, H372fs, H149fs",Pathogenic,"criteria provided, multiple submitters, no conflicts"
NM_001110792.2(MECP2):c.1236dup (p.Ser413fs),MECP2,"S308fs, S401fs, S413fs, S178fs",Pathogenic,"criteria provided, single submitter"
NM_001110792.2(MECP2):c.1195_1237del (p.Pro399fs),MECP2,"P294fs, P399fs, P387fs, P164fs",Pathogenic,"criteria provided, single submitter"
NM_001110792.2(MECP2):c.1199_1236del (p.Pro400fs),MECP2,"P165fs, P295fs, P388fs, P400fs",Pathogenic,"criteria provided, single submitter"
NM_001110792.2(MECP2):c.1203_1236del (p.Pro402fs),MECP2,"P297fs, P402fs, P390fs, P167fs",Pathogenic,"criteria provided, multiple submitters, no conflicts"
NM_001110792.2(MECP2):c.1196_1236del (p.Pro399fs),MECP2,"P294fs, P399fs, P387fs, P164fs",Pathogenic/Likely pathogenic,"criteria provided, multiple submitters, no conflicts"
NM_001110792.2(MECP2):c.1194_1236del (p.Pro399fs),MECP2,"P387fs, P399fs, P294fs, P164fs",Pathogenic,"criteria provided, single submitter"
NM_001110792.2(MECP2):c.1193_1236del (p.Leu398fs),MECP2,"L398fs, L293fs, L163fs",Pathogenic,"criteria provided, multiple submitters, no conflicts"
NM_001110792.2(MECP2):c.1181_1235del (p.Leu394fs),MECP2,"L159fs, L289fs, L382fs, L394fs",Pathogenic,"criteria provided, single submitter"
NM_001110792.2(MECP2):c.1197_1235delinsTGAG (p.Pro400fs),MECP2,"P165fs, P295fs, P388fs, P400fs",Pathogenic,"criteria provided, single submitter"
NM_001110792.2(MECP2):c.1084_1235del (p.Ser362fs),MECP2,"S257fs, S362fs, S127fs",Pathogenic,"criteria provided, single submitter"
NM_001110792.2(MECP2):c.1193_1235del (p.Leu398fs),MECP2,"L398fs, L293fs, L386fs, L163fs",Pathogenic,"criteria provided, single submitter"
NM_001110792.2(MECP2):c.1143_1234del (p.His382fs),MECP2,"H147fs, H277fs, H370fs, H382fs",Pathogenic,"criteria provided, single submitter"
NM_001110792.2(MECP2):c.1194_1234del (p.Pro399fs),MECP2,"P387fs, P294fs, P399fs, P164fs",Pathogenic,"criteria provided, single submitter"
NM_001110792.2(MECP2):c.1121_1233del (p.Pro374fs),MECP2,"P139fs, P269fs, P362fs, P374fs",Pathogenic,"criteria provided, single submitter"
NM_001110792.2(MECP2):c.1199_1233del (p.Pro400fs),MECP2,"P295fs, P400fs, P388fs, P165fs",Pathogenic/Likely pathogenic,"criteria provided, multiple submitters, no conflicts"
NM_001110792.2(MECP2):c.1193_1233del (p.Leu398fs),MECP2,"L398fs, L293fs, L163fs",Pathogenic/Likely pathogenic,"criteria provided, multiple submitters, no conflicts"
NM_001110792.2(MECP2):c.1190_1233del (p.Pro397fs),MECP2,"P385fs, P397fs, P292fs, P162fs",Pathogenic,"criteria provided, single submitter"
NM_001110792.2(MECP2):c.1195_1231delinsAG (p.Pro399fs),MECP2,"P164fs, P294fs, P387fs, P399fs",Pathogenic,"criteria provided, single submitter"
NM_001110792.2(MECP2):c.1222_1231del (p.Ser408fs),MECP2,"S173fs, S303fs, S396fs, S408fs",Pathogenic,"criteria provided, single submitter"
NM_001110792.2(MECP2):c.1075_1231delinsGT (p.Lys359fs),MECP2,"K359fs, K347fs, K254fs, K124fs",Pathogenic,"criteria provided, single submitter"
NM_001110792.2(MECP2):c.1230_1231insT (p.Pro411fs),MECP2,"P306fs, P411fs, P399fs, P176fs",Pathogenic,"criteria provided, single submitter"
NM_001110792.2(MECP2):c.1188_1231del (p.Pro397fs),MECP2,"P292fs, P397fs, P162fs",Pathogenic,"criteria provided, multiple submitters, no conflicts"
NM_001110792.2(MECP2):c.1043_1230del (p.Leu348fs),MECP2,"L243fs, L348fs, L113fs",Pathogenic,"criteria provided, multiple submitters, no conflicts"
NM_001110792.2(MECP2):c.1181_1230del (p.Leu394fs),MECP2,"L289fs, L382fs, L394fs, L159fs",Pathogenic,"criteria provided, multiple submitters, no conflicts"
NM_001110792.2(MECP2):c.1184_1229del (p.Leu395fs),MECP2,"L160fs, L290fs, L383fs, L395fs",Pathogenic,"criteria provided, single submitter"
NM_001110792.2(MECP2):c.1186_1228del (p.Pro396fs),MECP2,"P291fs, P384fs, P396fs, P161fs",Pathogenic,"criteria provided, single submitter"
NM_001110792.2(MECP2):c.63-6214_1227del,MECP2,,Pathogenic,"criteria provided, single submitter"
NM_001110792.2(MECP2):c.1157_1227del (p.Glu386fs),MECP2,"E386fs, E374fs, E281fs, E151fs",Pathogenic/Likely pathogenic,"criteria provided, multiple submitters, no conflicts"
NM_001110792.2(MECP2):c.1221_1227del (p.Ser407fs),MECP2,"S302fs, S395fs, S407fs, S172fs",Pathogenic,"criteria provided, single submitter"
NM_001110792.2(MECP2):c.1217_1227del (p.Glu406fs),MECP2,"E301fs, E406fs, E394fs, E171fs",Pathogenic,"criteria provided, single submitter"
NM_001110792.2(MECP2):c.1193_1227del (p.Leu398fs),MECP2,"L293fs, L386fs, L398fs, L163fs",Pathogenic,"criteria provided, single submitter"
NM_001110792.2(MECP2):c.1187_1227del (p.Pro396fs),MECP2,"P291fs, P384fs, P396fs, P161fs",Pathogenic,"criteria provided, single submitter"
NM_004992.3(MECP2):c.27-6026_1190delinsGT,MECP2,,Pathogenic,"criteria provided, single submitter"
NM_001110792.2(MECP2):c.1201_1226del (p.Pro401fs),MECP2,"P401fs, P296fs, P389fs, P166fs",Pathogenic,"criteria provided, multiple submitters, no conflicts"
NM_001110792.2(MECP2):c.524_1225del (p.Gly175_Ser408del),MECP2,,Pathogenic,"criteria provided, single submitter"
NM_001110792.2(MECP2):c.418_1225del (p.Gln140fs),MECP2,"Q128fs, Q140fs, Q35fs",Pathogenic,"criteria provided, single submitter"
NM_001110792.2(MECP2):c.1225G>T (p.Glu409Ter),MECP2,"E397*, E409*, E304*, E174*",Pathogenic,"criteria provided, single submitter"
NM_001110792.2(MECP2):c.1136_1224del (p.His379fs),MECP2,"H144fs, H274fs, H367fs, H379fs",Pathogenic,"criteria provided, single submitter"
NM_001110792.2(MECP2):c.1200_1224del (p.Pro401fs),MECP2,"P166fs, P389fs, P401fs, P296fs",Pathogenic,"criteria provided, multiple submitters, no conflicts"
NM_001110792.2(MECP2):c.1199_1224del (p.Pro400fs),MECP2,"P295fs, P400fs, P165fs",Pathogenic,"criteria provided, multiple submitters, no conflicts"
NM_001110792.2(MECP2):c.1196_1224del (p.Pro399fs),MECP2,"P294fs, P387fs, P399fs, P164fs",Pathogenic,"criteria provided, single submitter"
NM_001110792.2(MECP2):c.1193_1224del (p.Leu398fs),MECP2,"L293fs, L398fs, L163fs",Pathogenic,"criteria provided, multiple submitters, no conflicts"
NM_001110792.2(MECP2):c.1187_1224del (p.Pro396fs),MECP2,"P291fs, P384fs, P396fs, P161fs",Pathogenic,"criteria provided, multiple submitters, no conflicts"
NM_001110792.2(MECP2):c.1193_1223del (p.Leu398fs),MECP2,"L398fs, L293fs, L386fs, L163fs",Pathogenic,"criteria provided, single submitter"
NM_001110792.2(MECP2):c.1194_1222delinsCCA (p.Pro399fs),MECP2,"P387fs, P399fs, P294fs, P164fs",Pathogenic,"criteria provided, single submitter"
NM_001110792.2(MECP2):c.1194_1222del (p.Pro399fs),MECP2,"P399fs, P294fs, P387fs, P164fs",Pathogenic,"criteria provided, single submitter"
NM_001110792.2(MECP2):c.1214_1221del (p.Pro405fs),MECP2,"P405fs, P393fs, P300fs, P170fs",Pathogenic/Likely pathogenic,"criteria provided, multiple submitters, no conflicts"
NM_001110792.2(MECP2):c.1196_1221del (p.Pro399fs),MECP2,"P387fs, P399fs, P294fs, P164fs",Pathogenic,"criteria provided, single submitter"
NM_001110792.2(MECP2):c.1190_1221del (p.Pro397fs),MECP2,"P385fs, P292fs, P397fs, P162fs",Pathogenic,"criteria provided, single submitter"
NM_001110792.2(MECP2):c.1193_1220del (p.Leu398fs),MECP2,"L163fs, L293fs, L386fs, L398fs",Pathogenic,"criteria provided, single submitter"
NM_001110792.2(MECP2):c.63-3928_1220del,MECP2,,Pathogenic,"criteria provided, single submitter"
NM_001110792.2(MECP2):c.1200_1220delinsCTGAGCCCCAGGACTTGAGCA (p.Pro401_Ser407delinsTer),MECP2,,Pathogenic,"criteria provided, single submitter"
NM_001110792.2(MECP2):c.379_1218del840 (p.Arg127_Glu406del),MECP2,M1fs,Pathogenic,"criteria provided, single submitter"
NM_001110792.2(MECP2):c.1216G>T (p.Glu406Ter),MECP2,"E406*, E394*, E301*, E171*",Pathogenic,"criteria provided, single submitter"
NM_001110792.2(MECP2):c.1163_1215del (p.Pro388fs),MECP2,"P283fs, P388fs, P376fs, P153fs",Pathogenic,"criteria provided, single submitter"
NM_001110792.2(MECP2):c.1199_1215del (p.Pro400fs),MECP2,"P295fs, P388fs, P400fs, P165fs",Pathogenic,"criteria provided, multiple submitters, no conflicts"
NM_001110792.2(MECP2):c.1203_1212del (p.Pro403fs),MECP2,"P298fs, P403fs, P391fs, P168fs",Pathogenic,"criteria provided, single submitter"
NM_001110792.2(MECP2):c.803_1211del (p.Lys268fs),MECP2,"K256fs, K268fs, K163fs, K33fs",Pathogenic,"criteria provided, single submitter"
NM_001110792.2(MECP2):c.1183_1210del (p.Leu395fs),MECP2,"L160fs, L290fs, L383fs, L395fs",Pathogenic,"criteria provided, single submitter"
NM_001110792.2(MECP2):c.1195_1210del (p.Pro399fs),MECP2,"P294fs, P399fs, P387fs, P164fs",Pathogenic/Likely pathogenic,"criteria provided, multiple submitters, no conflicts"
NM_001110792.2(MECP2):c.1040_1209delinsCTGTGTAA (p.Gly347_Pro403delinsAlaValTer),MECP2,,Pathogenic,"criteria provided, single submitter"
NM_001110792.2(MECP2):c.1198_1208del (p.Pro399_Pro400insTer),MECP2,,Pathogenic/Likely pathogenic,"criteria provided, multiple submitters, no conflicts"
NM_001110792.2(MECP2):c.917_1208del (p.Arg306fs),MECP2,"R201fs, R306fs, R294fs, R71fs",Pathogenic,"criteria provided, single submitter"
NM_001110792.2(MECP2):c.1192_1208del (p.Pro397_Leu398insTer),MECP2,,Pathogenic,"criteria provided, single submitter"
NM_001110792.2(MECP2):c.1153_1207del (p.Ser385fs),MECP2,"S385fs, S373fs, S280fs, S150fs",Pathogenic,"criteria provided, single submitter"
NM_001110792.2(MECP2):c.1194_1203del (p.Pro399fs),MECP2,"P294fs, P399fs, P387fs, P164fs",Pathogenic,"criteria provided, single submitter"
NM_001110792.2(MECP2):c.1102_1202del (p.Ser369fs),MECP2,"S264fs, S369fs, S357fs, S134fs",Pathogenic,"criteria provided, single submitter"
NM_001110792.2(MECP2):c.934_1202del (p.Val312fs),MECP2,"V207fs, V312fs, V77fs",Pathogenic,"criteria provided, single submitter"
NM_001110792.2(MECP2):c.1196_1202del (p.Pro399fs),MECP2,"P387fs, P399fs, P294fs, P164fs",Pathogenic,"criteria provided, multiple submitters, no conflicts"
NM_001110792.2(MECP2):c.1199dup (p.Pro401fs),MECP2,"P401fs, P296fs, P389fs, P166fs",Pathogenic,"criteria provided, multiple submitters, no conflicts"
NM_001110792.2(MECP2):c.1198_1199delinsTA (p.Pro400Ter),MECP2,"P400*, P295*, P165*, P388*",Pathogenic,"criteria provided, multiple submitters, no conflicts"
NM_001110792.2(MECP2):c.1174_1199del (p.Val392fs),MECP2,"V380fs, V392fs, V287fs, V157fs",Pathogenic,reviewed by expert panel
NM_001110792.2(MECP2):c.1195_1196delinsT (p.Pro399fs),MECP2,"P294fs, P399fs, P387fs, P164fs",Pathogenic,"criteria provided, single submitter"
NM_001110792.2(MECP2):c.445_1194del (p.Glu149_Leu398del),MECP2,M1fs,Pathogenic,"criteria provided, single submitter"
NM_001110792.2(MECP2):c.1064_1194del (p.Gly355fs),MECP2,"G355fs, G250fs, G120fs",Pathogenic,"criteria provided, single submitter"
NM_001110792.2(MECP2):c.1192del (p.Leu398fs),MECP2,"L163fs, L293fs, L386fs, L398fs",Pathogenic,"criteria provided, single submitter"
NM_001110792.2(MECP2):c.1089_1192del (p.Lys364fs),MECP2,"K129fs, K259fs, K352fs, K364fs",Pathogenic,"criteria provided, single submitter"
NM_001110792.2(MECP2):c.478_1191del (p.Thr160_Pro397del),MECP2,,Pathogenic,"criteria provided, single submitter"
NM_001110792.2(MECP2):c.1188_1191del (p.Pro397fs),MECP2,"P292fs, P397fs, P385fs, P162fs",Pathogenic/Likely pathogenic,"criteria provided, multiple submitters, no conflicts"
NM_001110792.2(MECP2):c.478_1190del (p.Thr160fs),MECP2,"T148fs, T160fs, T55fs",Pathogenic,"criteria provided, single submitter"
NM_001110792.2(MECP2):c.1170_1183del (p.Val392fs),MECP2,"V287fs, V380fs, V157fs, V392fs",Pathogenic,"criteria provided, multiple submitters, no conflicts"
NM_001110792.2(MECP2):c.1172_1178del (p.Pro391fs),MECP2,"P286fs, P391fs, P379fs, P156fs",Pathogenic,"criteria provided, single submitter"
NM_001110792.2(MECP2):c.1171_1178del (p.Pro391fs),MECP2,"P379fs, P286fs, P391fs, P156fs",Pathogenic,"criteria provided, multiple submitters, no conflicts"
NM_004992.3(MECP2):c.943_1140del198ins6,MECP2,,Pathogenic,"criteria provided, single submitter"
NM_001110792.2(MECP2):c.1173dup (p.Val392fs),MECP2,"V392fs, V287fs, V380fs, V157fs",Pathogenic,"criteria provided, multiple submitters, no conflicts"
NM_001110792.2(MECP2):c.1173del (p.Val392fs),MECP2,"V392fs, V380fs, V287fs, V157fs",Pathogenic/Likely pathogenic,"criteria provided, multiple submitters, no conflicts"
NM_001110792.2(MECP2):c.1163_1173del (p.Pro388fs),MECP2,"P376fs, P388fs, P283fs, P153fs",Pathogenic,"criteria provided, single submitter"
NM_001110792.2(MECP2):c.1168_1169del (p.Ala390fs),MECP2,"A285fs, A378fs, A390fs",Pathogenic,"criteria provided, single submitter"
NM_001110792.2(MECP2):c.1125_1165del (p.Lys376fs),MECP2,"K271fs, K364fs, K376fs, K141fs",Pathogenic,"criteria provided, single submitter"
NM_001110792.2(MECP2):c.1154C>G (p.Ser385Ter),MECP2,"S373*, S385*, S280*, S150*",Pathogenic,"criteria provided, multiple submitters, no conflicts"
NM_001110792.2(MECP2):c.934_1135del (p.Val312fs),MECP2,"V207fs, V300fs, V312fs, V77fs",Pathogenic,"criteria provided, single submitter"
NM_001110792.2(MECP2):c.1123A>T (p.Lys375Ter),MECP2,"K363*, K375*, K270*, K140*",Pathogenic,"criteria provided, single submitter"
NM_001110792.2(MECP2):c.1115C>A (p.Ser372Ter),MECP2,"S360*, S372*, S267*, S137*",Pathogenic,"criteria provided, multiple submitters, no conflicts"
NM_001110792.2(MECP2):c.63-73_1087del,MECP2,,Pathogenic,"criteria provided, single submitter"
NM_001110792.2(MECP2):c.1065del (p.Arg356fs),MECP2,"R251fs, R356fs, R344fs, R121fs",Pathogenic,"criteria provided, multiple submitters, no conflicts"
NM_001110792.2(MECP2):c.1060_1061insAG (p.Pro354fs),MECP2,"P249fs, P342fs, P354fs, P119fs",Pathogenic,"criteria provided, single submitter"
NM_001110792.2(MECP2):c.1025_1030delinsGCATCTTCTCCTCTTT (p.Glu342fs),MECP2,"E342fs, E237fs, E330fs, E107fs",Pathogenic,"criteria provided, single submitter"
NM_001110792.2(MECP2):c.1001C>T (p.Pro334Leu),MECP2,"P322L, P334L, P229L, P99L",Pathogenic,reviewed by expert panel
NM_001110792.2(MECP2):c.1000C>G (p.Pro334Ala),MECP2,"P322A, P334A, P229A, P99A",Pathogenic/Likely pathogenic,"criteria provided, multiple submitters, no conflicts"
NM_001110792.2(MECP2):c.988dup (p.Glu330fs),MECP2,"E318fs, E330fs, E225fs, E95fs",Pathogenic,"criteria provided, single submitter"
NM_001110792.2(MECP2):c.870_975del (p.Ala291fs),MECP2,"A291fs, A186fs, A56fs",Pathogenic/Likely pathogenic,"criteria provided, multiple submitters, no conflicts"
NM_001110792.2(MECP2):c.961C>T (p.Arg321Trp),MECP2,"R309W, R321W, R216W, R86W",Pathogenic,reviewed by expert panel
NM_001110792.2(MECP2):c.953G>T (p.Arg318Leu),MECP2,"R306L, R318L, R213L, R83L",Pathogenic/Likely pathogenic,"criteria provided, multiple submitters, no conflicts"
NM_001110792.2(MECP2):c.953G>A (p.Arg318His),MECP2,"R306H, R318H, R213H, R83H",Pathogenic/Likely pathogenic,"criteria provided, multiple submitters, no conflicts"
NM_001110792.2(MECP2):c.952C>T (p.Arg318Cys),MECP2,"R306C, R318C, R213C, R83C",Pathogenic,reviewed by expert panel
NM_001110792.2(MECP2):c.950A>G (p.Lys317Arg),MECP2,"K305R, K317R, K212R, K82R",Pathogenic/Likely pathogenic,"criteria provided, multiple submitters, no conflicts"
NM_001110792.2(MECP2):c.948G>C (p.Lys316Asn),MECP2,"K316N, K211N, K304N, K81N",Pathogenic,reviewed by expert panel
NM_001110792.2(MECP2):c.947A>G (p.Lys316Arg),MECP2,"K304R, K316R, K211R, K81R",Pathogenic,reviewed by expert panel
NM_001110792.2(MECP2):c.946A>C (p.Lys316Gln),MECP2,"K304Q, K316Q, K211Q, K81Q",Pathogenic/Likely pathogenic,"criteria provided, multiple submitters, no conflicts"
NM_001110792.2(MECP2):c.942del (p.Ile315fs),MECP2,"I210fs, I303fs, I315fs, I80fs",Pathogenic/Likely pathogenic,"criteria provided, multiple submitters, no conflicts"
NM_001110792.2(MECP2):c.941C>T (p.Pro314Leu),MECP2,"P302L, P314L, P209L, P79L",Pathogenic,reviewed by expert panel
NM_001110792.2(MECP2):c.941C>G (p.Pro314Arg),MECP2,"P302R, P314R, P209R, P79R",Pathogenic/Likely pathogenic,"criteria provided, multiple submitters, no conflicts"
NM_001110792.2(MECP2):c.941C>A (p.Pro314His),MECP2,"P302H, P314H, P209H, P79H",Pathogenic,"criteria provided, multiple submitters, no conflicts"
NM_001110792.2(MECP2):c.940C>T (p.Pro314Ser),MECP2,"P302S, P314S, P209S, P79S",Pathogenic/Likely pathogenic,"criteria provided, multiple submitters, no conflicts"
NM_001110792.2(MECP2):c.940C>G (p.Pro314Ala),MECP2,"P302A, P314A, P209A, P79A",Pathogenic,"criteria provided, multiple submitters, no conflicts"
NM_001110792.2(MECP2):c.934_940del (p.Val312fs),MECP2,"V300fs, V207fs, V312fs, V77fs",Pathogenic/Likely pathogenic,"criteria provided, multiple submitters, no conflicts"
NM_004992.3(MECP2):c.27-5774_902delinsGTGCCCGGACTGATGTCA,MECP2,,Pathogenic,"criteria provided, single submitter"
NM_001110792.2(MECP2):c.917_938del (p.Arg306fs),MECP2,"R294fs, R306fs, R201fs, R71fs",Pathogenic,"criteria provided, single submitter"
NM_001110792.2(MECP2):c.934_937del (p.Val312fs),MECP2,"V300fs, V312fs, V207fs, V77fs",Pathogenic,"criteria provided, single submitter"
NM_001110792.2(MECP2):c.932_936delinsGCCCGAGAG (p.Thr311fs),MECP2,"T206fs, T299fs, T311fs, T76fs",Pathogenic,"criteria provided, single submitter"
NM_001110792.2(MECP2):c.925C>T (p.Gln309Ter),MECP2,"Q297*, Q309*, Q204*, Q74*",Pathogenic,"criteria provided, multiple submitters, no conflicts"
NM_001110792.2(MECP2):c.899_917del (p.Val300fs),MECP2,"V195fs, V288fs, V300fs, V65fs",Pathogenic,"criteria provided, single submitter"
NM_001110792.2(MECP2):c.905_916delinsCACA (p.Glu302fs),MECP2,"E197fs, E302fs, E290fs, E67fs",Pathogenic,"criteria provided, single submitter"
NM_001110792.2(MECP2):c.916C>T (p.Arg306Ter),MECP2,"R294*, R306*, R201*, R71*",Pathogenic,reviewed by expert panel
NM_001110792.2(MECP2):c.910_911insA (p.Ser304fs),MECP2,"S292fs, S304fs, S199fs, S69fs",Pathogenic,"criteria provided, single submitter"
NM_001110792.2(MECP2):c.905dup (p.Ser303fs),MECP2,"S291fs, S303fs, S198fs, S68fs",Pathogenic,"criteria provided, single submitter"
NM_001110792.2(MECP2):c.893_894dup (p.Ala299fs),MECP2,"A194fs, A287fs, A299fs, A64fs",Pathogenic,"criteria provided, single submitter"
NM_001110792.2(MECP2):c.891_895delinsAAAAAAAAGACT (p.Ala299fs),MECP2,"A194fs, A287fs, A299fs, A64fs",Pathogenic,"criteria provided, single submitter"
NM_001110792.2(MECP2):c.892_895del (p.Lys298fs),MECP2,"K298fs, K193fs, K286fs, K63fs",Pathogenic,"criteria provided, multiple submitters, no conflicts"
NM_001110792.2(MECP2):c.876del (p.Ala293fs),MECP2,"A188fs, A293fs, A281fs, A58fs",Pathogenic/Likely pathogenic,"criteria provided, multiple submitters, no conflicts"
NM_001110792.2(MECP2):c.852_868del (p.Gly285fs),MECP2,"G273fs, G285fs, G180fs, G50fs",Pathogenic,"criteria provided, single submitter"
NM_001110792.2(MECP2):c.866del (p.Ala289fs),MECP2,"A277fs, A289fs, A184fs, A54fs",Pathogenic,"criteria provided, single submitter"
NM_001110792.2(MECP2):c.860_861del (p.Val287fs),MECP2,"V275fs, V182fs, V287fs, V52fs",Pathogenic,"criteria provided, single submitter"
NM_001110792.2(MECP2):c.856_859dup (p.Val287fs),MECP2,"V182fs, V275fs, V287fs, V52fs",Pathogenic,"criteria provided, single submitter"
NM_001110792.2(MECP2):c.855del (p.Ser286fs),MECP2,"S181fs, S274fs, S286fs, S51fs",Pathogenic,"criteria provided, multiple submitters, no conflicts"
NM_001110792.2(MECP2):c.821_854del (p.Gln274fs),MECP2,"Q262fs, Q169fs, Q274fs, Q39fs",Pathogenic,"criteria provided, single submitter"
NM_001110792.2(MECP2):c.846_849del (p.Lys283fs),MECP2,"K283fs, K271fs, K178fs, K48fs",Pathogenic,"criteria provided, single submitter"
NM_001110792.2(MECP2):c.844dup (p.Arg282fs),MECP2,"R177fs, R270fs, R282fs, R47fs",Pathogenic,"criteria provided, single submitter"
NM_001110792.2(MECP2):c.826_844del (p.Ile276fs),MECP2,"I171fs, I264fs, I276fs, I41fs",Pathogenic,"criteria provided, single submitter"
NM_001110792.2(MECP2):c.844del (p.Arg282fs),MECP2,"R177fs, R282fs, R270fs, R47fs",Pathogenic,"criteria provided, multiple submitters, no conflicts"
NM_001110792.2(MECP2):c.844C>T (p.Arg282Ter),MECP2,"R270*, R282*, R177*, R47*",Pathogenic,"criteria provided, multiple submitters, no conflicts"
NM_001110792.2(MECP2):c.842del (p.Gly281fs),MECP2,"G176fs, G269fs, G281fs, G46fs",Pathogenic,reviewed by expert panel
NM_001110792.2(MECP2):c.835A>T (p.Lys279Ter),MECP2,"K267*, K279*, K174*, K44*",Pathogenic,"criteria provided, single submitter"
NM_001110792.2(MECP2):c.820C>T (p.Gln274Ter),MECP2,"Q262*, Q274*, Q169*, Q39*",Pathogenic,"criteria provided, multiple submitters, no conflicts"
NM_001110792.2(MECP2):c.802_815dup (p.Asp272fs),MECP2,"D260fs, D167fs, D272fs, D37fs",Pathogenic,"criteria provided, single submitter"
NM_001110792.2(MECP2):c.802A>T (p.Lys268Ter),MECP2,"K256*, K268*, K163*, K33*",Pathogenic,"criteria provided, single submitter"
NM_001110792.2(MECP2):c.793_799dup (p.Arg267fs),MECP2,"R162fs, R255fs, R267fs, R32fs",Pathogenic,"criteria provided, single submitter"
NM_001110792.2(MECP2):c.800G>C (p.Arg267Pro),MECP2,"R162P, R267P, R32P, R255P",Pathogenic,reviewed by expert panel
NM_001110792.2(MECP2):c.792_799dup (p.Arg267fs),MECP2,"R255fs, R267fs, R162fs, R32fs",Pathogenic,"criteria provided, single submitter"
NM_001110792.2(MECP2):c.799C>T (p.Arg267Ter),MECP2,"R255*, R267*, R162*, R32*",Pathogenic/Likely pathogenic,"criteria provided, multiple submitters, no conflicts"
NM_001110792.2(MECP2):c.792_795del (p.Arg265fs),MECP2,"R265fs, R253fs, R160fs, R30fs",Pathogenic,"criteria provided, multiple submitters, no conflicts"
NM_001110792.2(MECP2):c.770_795del (p.Val257fs),MECP2,"V257fs, V152fs, V245fs, V22fs",Pathogenic,"criteria provided, single submitter"
NM_001110792.2(MECP2):c.725_792del (p.Pro242fs),MECP2,"P242fs, P137fs, P7fs",Pathogenic/Likely pathogenic,"criteria provided, multiple submitters, no conflicts"
NM_001110792.2(MECP2):c.791dup (p.Arg265fs),MECP2,"R265fs, R160fs, R253fs, R30fs",Pathogenic,"criteria provided, single submitter"
NM_001110792.2(MECP2):c.791del (p.Gly264fs),MECP2,"G159fs, G264fs, G29fs",Pathogenic,"criteria provided, multiple submitters, no conflicts"
NM_001110792.2(MECP2):c.789dup (p.Gly264fs),MECP2,"G159fs, G264fs, G252fs, G29fs",Pathogenic/Likely pathogenic,"criteria provided, multiple submitters, no conflicts"
NM_001110792.2(MECP2):c.788_789dup (p.Gly264fs),MECP2,"G159fs, G252fs, G264fs, G29fs",Pathogenic/Likely pathogenic,"criteria provided, multiple submitters, no conflicts"
NM_001110792.2(MECP2):c.785_788dup (p.Gly264fs),MECP2,"G159fs, G252fs, G264fs, G29fs",Pathogenic,"criteria provided, multiple submitters, no conflicts"
NM_001110792.2(MECP2):c.789del (p.Gly264fs),MECP2,"G252fs, G264fs, G159fs, G29fs",Pathogenic,"criteria provided, multiple submitters, no conflicts"
NM_001110792.2(MECP2):c.784_789delinsGGCCG (p.Arg262fs),MECP2,"R250fs, R262fs, R157fs, R27fs",Pathogenic,"criteria provided, single submitter"
NM_001110792.2(MECP2):c.783_787dup (p.Pro263fs),MECP2,"P158fs, P251fs, P263fs, P28fs",Pathogenic,"criteria provided, single submitter"
NM_001110792.2(MECP2):c.785dup (p.Gly264fs),MECP2,"G252fs, G159fs, G264fs, G29fs",Pathogenic,"criteria provided, single submitter"
NM_001110792.2(MECP2):c.786delinsTCAGGAAGCTT (p.Pro263fs),MECP2,"P158fs, P263fs, P251fs, P28fs",Pathogenic,"criteria provided, single submitter"
NM_001110792.2(MECP2):c.784dup (p.Arg262fs),MECP2,"R262fs, R157fs, R250fs, R27fs",Pathogenic/Likely pathogenic,"criteria provided, multiple submitters, no conflicts"
NM_001110792.2(MECP2):c.772_779delinsGTG (p.Met258fs),MECP2,"M153fs, M258fs, M23fs, M246fs",Pathogenic/Likely pathogenic,"criteria provided, multiple submitters, no conflicts"
NM_001110792.2(MECP2):c.775del (p.Met258_Val259insTer),MECP2,,Pathogenic,"criteria provided, single submitter"
NM_001110792.2(MECP2):c.772_773insAT (p.Met258fs),MECP2,"M246fs, M258fs, M153fs, M23fs",Pathogenic,"criteria provided, single submitter"
NM_001110792.2(MECP2):c.766C>T (p.Gln256Ter),MECP2,"Q244*, Q256*, Q151*, Q21*",Pathogenic,"criteria provided, multiple submitters, no conflicts"
NM_001110792.2(MECP2):c.756dup (p.Thr253fs),MECP2,"T148fs, T241fs, T253fs, T18fs",Pathogenic,"criteria provided, single submitter"
NM_001110792.2(MECP2):c.753del (p.Thr252fs),MECP2,"T147fs, T17fs, T240fs, T252fs",Pathogenic,"criteria provided, single submitter"
NM_001110792.2(MECP2):c.746dup (p.Gly250fs),MECP2,"G145fs, G238fs, G250fs, G15fs",Pathogenic/Likely pathogenic,"criteria provided, multiple submitters, no conflicts"
NM_001110792.2(MECP2):c.746del (p.Gly249fs),MECP2,"G144fs, G237fs, G249fs, G14fs",Pathogenic,"criteria provided, multiple submitters, no conflicts"
NM_001110792.2(MECP2):c.732del (p.Lys245fs),MECP2,"K245fs, K140fs, K233fs, K10fs",Pathogenic,"criteria provided, multiple submitters, no conflicts"
NM_001110792.2(MECP2):c.731dup (p.Lys245fs),MECP2,"K233fs, K245fs, K140fs, K10fs",Pathogenic,"criteria provided, multiple submitters, no conflicts"
NM_001110792.2(MECP2):c.731del (p.Gly244fs),MECP2,"G232fs, G139fs, G244fs, G9fs",Pathogenic,"criteria provided, multiple submitters, no conflicts"
NM_001110792.2(MECP2):c.708_724dup (p.Pro242fs),MECP2,"P137fs, P230fs, P242fs, P7fs",Pathogenic,"criteria provided, single submitter"
NM_001110792.2(MECP2):c.722C>A (p.Ser241Ter),MECP2,"S229*, S241*, S136*, S6*",Pathogenic/Likely pathogenic,"criteria provided, multiple submitters, no conflicts"
NM_001110792.2(MECP2):c.714del (p.Gln239fs),MECP2,"Q227fs, Q134fs, Q239fs, Q4fs",Pathogenic,"criteria provided, single submitter"
NM_001110792.2(MECP2):c.713_714insA (p.Phe238fs),MECP2,"F133fs, F226fs, F238fs, F3fs",Pathogenic,"criteria provided, single submitter"
NM_001110792.2(MECP2):c.712_713insA (p.Phe238fs),MECP2,"F238fs, F226fs, F133fs, F3fs",Pathogenic,"criteria provided, single submitter"
NM_001110792.2(MECP2):c.710C>G (p.Pro237Arg),MECP2,"P225R, P237R, P132R, P2R",Pathogenic,"criteria provided, multiple submitters, no conflicts"
NM_001110792.2(MECP2):c.709C>A (p.Pro237Thr),MECP2,"P225T, P237T, P132T, P2T",Pathogenic/Likely pathogenic,"criteria provided, multiple submitters, no conflicts"
NM_001110792.2(MECP2):c.701_707dup (p.Met236fs),MECP2,"M131fs, M236fs, M224fs, M1fs",Pathogenic,"criteria provided, single submitter"
NM_001110792.2(MECP2):c.703A>T (p.Lys235Ter),MECP2,"K130*, K223*, K235*",Pathogenic,"criteria provided, single submitter"
NM_001110792.2(MECP2):c.690_693del (p.Lys231fs),MECP2,"K126fs, K231fs, K219fs",Pathogenic,"criteria provided, single submitter"
NM_001110792.2(MECP2):c.677_689del (p.Glu226fs),MECP2,"E214fs, E121fs, E226fs",Pathogenic/Likely pathogenic,"criteria provided, multiple submitters, no conflicts"
NM_001110792.2(MECP2):c.687_688del (p.Gly230fs),MECP2,"G218fs, G125fs, G230fs",Pathogenic,"criteria provided, single submitter"
NM_001110792.2(MECP2):c.670del (p.Val224fs),MECP2,"V119fs, V212fs, V224fs",Pathogenic/Likely pathogenic,"criteria provided, multiple submitters, no conflicts"
NM_001110792.2(MECP2):c.658C>T (p.Gln220Ter),MECP2,"Q208*, Q220*, Q115*",Pathogenic,"criteria provided, multiple submitters, no conflicts"
NM_001110792.2(MECP2):c.656dup (p.Gln220fs),MECP2,"Q220fs, Q115fs, Q208fs",Pathogenic,"criteria provided, single submitter"
NM_001110792.2(MECP2):c.650_651del (p.Glu217fs),MECP2,"E112fs, E217fs, E205fs",Pathogenic,"criteria provided, single submitter"
NM_001110792.2(MECP2):c.649G>T (p.Glu217Ter),MECP2,"E205*, E217*, E112*",Pathogenic,"criteria provided, single submitter"
NM_001110792.2(MECP2):c.647_648delinsAG (p.Ser216Ter),MECP2,"S111*, S216*, S204*",Pathogenic,"criteria provided, single submitter"
NM_001110792.2(MECP2):c.647C>A (p.Ser216Ter),MECP2,"S111*, S204*, S216*",Pathogenic,"criteria provided, single submitter"
NM_001110792.2(MECP2):c.647C>G (p.Ser216Ter),MECP2,"S204*, S216*, S111*",Pathogenic,"criteria provided, multiple submitters, no conflicts"
NM_001110792.2(MECP2):c.634A>T (p.Lys212Ter),MECP2,"K200*, K212*, K107*",Pathogenic,"criteria provided, single submitter"
NM_001110792.2(MECP2):c.628A>T (p.Arg210Ter),MECP2,"R198*, R210*, R105*",Pathogenic,"criteria provided, single submitter"
NM_001110792.2(MECP2):c.610A>T (p.Lys204Ter),MECP2,"K192*, K204*, K99*",Pathogenic/Likely pathogenic,"criteria provided, multiple submitters, no conflicts"
NM_001110792.2(MECP2):c.609del (p.Ser206fs),MECP2,"S101fs, S194fs, S206fs",Pathogenic,"criteria provided, single submitter"
NM_001110792.2(MECP2):c.603dup (p.Arg202fs),MECP2,"R202fs, R190fs, R97fs",Pathogenic,"criteria provided, single submitter"
NM_001110792.2(MECP2):c.602dup (p.Arg202fs),MECP2,"R97fs, R190fs, R202fs",Pathogenic,"criteria provided, single submitter"
NM_001110792.2(MECP2):c.602del (p.Gly201fs),MECP2,"G189fs, G201fs, G96fs",Pathogenic,"criteria provided, single submitter"
NM_001110792.2(MECP2):c.579_580del (p.Pro194fs),MECP2,"P182fs, P194fs, P89fs",Pathogenic,"criteria provided, single submitter"
NM_001110792.2(MECP2):c.574A>T (p.Lys192Ter),MECP2,"K180*, K192*, K87*",Pathogenic,"criteria provided, single submitter"
NM_001110792.2(MECP2):c.565A>T (p.Lys189Ter),MECP2,"K177*, K189*, K84*",Pathogenic,"criteria provided, single submitter"
NM_001110792.2(MECP2):c.544C>T (p.Gln182Ter),MECP2,"Q170*, Q182*, Q77*",Pathogenic,"criteria provided, multiple submitters, no conflicts"
NM_001110792.2(MECP2):c.541G>T (p.Glu181Ter),MECP2,"E169*, E181*, E76*",Pathogenic,"criteria provided, multiple submitters, no conflicts"
NM_001110792.2(MECP2):c.538C>T (p.Arg180Ter),MECP2,"R168*, R180*, R75*",Pathogenic,"criteria provided, multiple submitters, no conflicts"
NM_001110792.2(MECP2):c.535C>T (p.Arg179Trp),MECP2,"R167W, R179W, R74W",Pathogenic,reviewed by expert panel
NM_001110792.2(MECP2):c.524_525del (p.Gly175fs),MECP2,"G175fs, G70fs, G163fs",Pathogenic,"criteria provided, single submitter"
NM_001110792.2(MECP2):c.520dup (p.Arg174fs),MECP2,"R174fs, R162fs, R69fs",Pathogenic,"criteria provided, single submitter"
NM_001110792.2(MECP2):c.516_517del (p.Gly173fs),MECP2,"G68fs, G173fs, G161fs",Pathogenic/Likely pathogenic,"criteria provided, multiple submitters, no conflicts"
NM_001110792.2(MECP2):c.509C>T (p.Thr170Met),MECP2,"T158M, T170M, T65M",Pathogenic/Likely pathogenic,"criteria provided, multiple submitters, no conflicts"
NM_001110792.2(MECP2):c.508A>G (p.Thr170Ala),MECP2,"T158A, T170A, T65A",Pathogenic,reviewed by expert panel
NM_001110792.2(MECP2):c.507C>A (p.Phe169Leu),MECP2,"F157L, F169L, F64L",Pathogenic/Likely pathogenic,"criteria provided, multiple submitters, no conflicts"
NM_001110792.2(MECP2):c.507C>G (p.Phe169Leu),MECP2,"F157L, F169L, F64L",Pathogenic,reviewed by expert panel
NM_001110792.2(MECP2):c.506_507del (p.Phe169fs),MECP2,"F157fs, F64fs, F169fs",Pathogenic,"criteria provided, single submitter"
NM_001110792.2(MECP2):c.504C>G (p.Asp168Glu),MECP2,"D156E, D168E, D63E",Pathogenic,"criteria provided, multiple submitters, no conflicts"
NM_001110792.2(MECP2):c.503A>G (p.Asp168Gly),MECP2,"D156G, D168G, D63G",Pathogenic,reviewed by expert panel
NM_001110792.2(MECP2):c.491C>T (p.Pro164Leu),MECP2,"P152L, P164L, P59L",Pathogenic/Likely pathogenic,"criteria provided, multiple submitters, no conflicts"
NM_001110792.2(MECP2):c.491C>G (p.Pro164Arg),MECP2,"P152R, P164R, P59R",Pathogenic,reviewed by expert panel
NM_001110792.2(MECP2):c.467del (p.Lys156fs),MECP2,"K144fs, K51fs, K156fs",Pathogenic,"criteria provided, single submitter"
NM_001110792.2(MECP2):c.466A>T (p.Lys156Ter),MECP2,"K144*, K156*, K51*",Pathogenic,"criteria provided, single submitter"
NM_001110792.2(MECP2):c.459C>G (p.Tyr153Ter),MECP2,"Y141*, Y153*, Y48*",Pathogenic,"criteria provided, multiple submitters, no conflicts"
NM_001110792.2(MECP2):c.458A>G (p.Tyr153Cys),MECP2,"Y141C, Y153C, Y48C",Pathogenic,"criteria provided, multiple submitters, no conflicts"
NM_001110792.2(MECP2):c.455C>T (p.Ala152Val),MECP2,"A140V, A152V, A47V",Pathogenic/Likely pathogenic,"criteria provided, multiple submitters, no conflicts"
NM_001110792.2(MECP2):c.450G>C (p.Leu150Phe),MECP2,"L138F, L150F, L45F",Pathogenic,"criteria provided, single submitter"
NM_001110792.2(MECP2):c.439A>G (p.Lys147Glu),MECP2,"K135E, K147E, K42E",Pathogenic,reviewed by expert panel
NM_001110792.2(MECP2):c.437C>T (p.Ser146Phe),MECP2,"S134F, S146F, S41F",Pathogenic,reviewed by expert panel
NM_001110792.2(MECP2):c.437C>G (p.Ser146Cys),MECP2,"S134C, S146C, S41C",Pathogenic/Likely pathogenic,"criteria provided, multiple submitters, no conflicts"
NM_001110792.2(MECP2):c.434G>C (p.Arg145Pro),MECP2,"R133P, R145P, R40P",Pathogenic/Likely pathogenic,"criteria provided, multiple submitters, no conflicts"
NM_001110792.2(MECP2):c.434G>T (p.Arg145Leu),MECP2,"R133L, R145L, R40L",Pathogenic,reviewed by expert panel
NM_001110792.2(MECP2):c.434G>A (p.Arg145His),MECP2,"R133H, R145H, R40H",Pathogenic,reviewed by expert panel
NM_001110792.2(MECP2):c.433C>T (p.Arg145Cys),MECP2,"R133C, R145C, R40C",Pathogenic,reviewed by expert panel
NM_001110792.2(MECP2):c.428C>A (p.Ala143Asp),MECP2,"A131D, A143D, A38D",Pathogenic,reviewed by expert panel
NM_001110792.2(MECP2):c.426dup (p.Ala143fs),MECP2,"A131fs, A143fs, A38fs",Pathogenic,"criteria provided, single submitter"
NM_001110792.2(MECP2):c.426del (p.Ala143fs),MECP2,"A38fs, A143fs, A131fs",Pathogenic,"criteria provided, single submitter"
NM_001110792.2(MECP2):c.419A>C (p.Gln140Pro),MECP2,"Q128P, Q140P, Q35P",Pathogenic/Likely pathogenic,"criteria provided, multiple submitters, no conflicts"
NM_001110792.2(MECP2):c.418C>T (p.Gln140Ter),MECP2,"Q128*, Q140*, Q35*",Pathogenic,"criteria provided, multiple submitters, no conflicts"
NM_001110792.2(MECP2):c.416C>T (p.Pro139Leu),MECP2,"P127L, P139L, P34L",Pathogenic,reviewed by expert panel
NM_001110792.2(MECP2):c.414-2A>T,MECP2,,Pathogenic,"criteria provided, single submitter"
NM_001110792.2(MECP2):c.414-2A>G,MECP2,,Pathogenic,"criteria provided, single submitter"
NM_001110792.2(MECP2):c.414-2A>C,MECP2,,Pathogenic,"criteria provided, single submitter"
NM_001110792.2(MECP2):c.414-3C>G,MECP2,,Pathogenic,reviewed by expert panel
NM_001110792.2(MECP2):c.413+2T>G,MECP2,,Pathogenic,"criteria provided, single submitter"
NM_001110792.2(MECP2):c.413+1G>T,MECP2,,Pathogenic,"criteria provided, multiple submitters, no conflicts"
NM_001110792.2(MECP2):c.413+1G>A,MECP2,,Pathogenic,"criteria provided, single submitter"
NM_001110792.2(MECP2):c.411del (p.Asn138fs),MECP2,"N138fs, N126fs, N33fs",Pathogenic,"criteria provided, single submitter"
NM_001110792.2(MECP2):c.408G>T (p.Leu136Phe),MECP2,"L124F, L136F, L31F",Pathogenic,reviewed by expert panel
NM_001110792.2(MECP2):c.408G>C (p.Leu136Phe),MECP2,"L124F, L136F, L31F",Pathogenic,reviewed by expert panel
NM_001110792.2(MECP2):c.400G>A (p.Val134Met),MECP2,"V122M, V134M, V29M",Pathogenic,reviewed by expert panel
NM_001110792.2(MECP2):c.396T>G (p.Tyr132Ter),MECP2,"Y120*, Y132*, Y27*",Pathogenic,"criteria provided, single submitter"
NM_001110792.2(MECP2):c.389G>A (p.Gly130Glu),MECP2,"G118E, G130E, G25E",Pathogenic,"criteria provided, single submitter"
NM_001110792.2(MECP2):c.377_385del (p.Gly126_Ser128del),MECP2,,Pathogenic,"criteria provided, single submitter"
NM_001110792.2(MECP2):c.380G>A (p.Arg127His),MECP2,"R115H, R127H, R22H",Pathogenic,reviewed by expert panel
NM_001110792.2(MECP2):c.370A>T (p.Lys124Ter),MECP2,"K112*, K124*, K19*",Pathogenic,"criteria provided, single submitter"
NM_001110792.2(MECP2):c.362dup (p.Gln122fs),MECP2,"Q110fs, Q122fs, Q17fs",Pathogenic,"criteria provided, single submitter"
NM_001110792.2(MECP2):c.354_357dup (p.Leu120fs),MECP2,"L108fs, L120fs, L15fs",Pathogenic,"criteria provided, single submitter"
NM_001110792.2(MECP2):c.353G>T (p.Arg118Leu),MECP2,"R106L, R118L, R13L",Pathogenic/Likely pathogenic,"criteria provided, multiple submitters, no conflicts"
NM_001110792.2(MECP2):c.353G>A (p.Arg118Gln),MECP2,"R106Q, R118Q, R13Q",Pathogenic/Likely pathogenic,"criteria provided, multiple submitters, no conflicts"
NM_001110792.2(MECP2):c.351dup (p.Arg118fs),MECP2,"R118fs, R13fs, R106fs",Pathogenic,"criteria provided, single submitter"
NM_001110792.2(MECP2):c.352C>T (p.Arg118Trp),MECP2,"R106W, R118W, R13W",Pathogenic/Likely pathogenic,"criteria provided, multiple submitters, no conflicts"
NM_001110792.2(MECP2):c.347G>A (p.Trp116Ter),MECP2,"W104*, W116*, W11*",Pathogenic/Likely pathogenic,"criteria provided, multiple submitters, no conflicts"
NM_001110792.2(MECP2):c.338C>G (p.Pro113Arg),MECP2,"P101R, P113R, P8R",Pathogenic,reviewed by expert panel
NM_001110792.2(MECP2):c.337C>T (p.Pro113Ser),MECP2,"P101S, P113S, P8S",Pathogenic,reviewed by expert panel
NM_001110792.2(MECP2):c.334C>G (p.Leu112Val),MECP2,"L100V, L112V, L7V",Pathogenic,reviewed by expert panel
NM_001110792.2(MECP2):c.331dup (p.Thr111fs),MECP2,"T111fs, T99fs, T6fs",Pathogenic,"criteria provided, multiple submitters, no conflicts"
NM_001110792.2(MECP2):c.312_313insG (p.Pro105fs),MECP2,"P105fs, P93fs",Pathogenic,"criteria provided, single submitter"
NM_001110792.2(MECP2):c.310_311dup (p.Pro105fs),MECP2,"P105fs, P93fs",Pathogenic,"criteria provided, single submitter"
NM_001110792.2(MECP2):c.311del (p.Gly104fs),MECP2,"G92fs, G104fs",Pathogenic/Likely pathogenic,"criteria provided, multiple submitters, no conflicts"
NM_001110792.2(MECP2):c.294_295del (p.Ile99fs),MECP2,"I99fs, I87fs",Pathogenic,"criteria provided, single submitter"
NM_001110792.2(MECP2):c.279dup (p.Lys94fs),MECP2,"K82fs, K94fs",Pathogenic,"criteria provided, single submitter"
NM_001110792.2(MECP2):c.268dup (p.Ser90fs),MECP2,"S78fs, S90fs",Pathogenic,"criteria provided, single submitter"
NM_001110792.2(MECP2):c.269del (p.Ser90fs),MECP2,"S78fs, S90fs",Pathogenic,"criteria provided, single submitter"
NM_001110792.2(MECP2):c.251dup (p.Ala85fs),MECP2,"A73fs, A85fs",Pathogenic,"criteria provided, single submitter"
NM_001110792.2(MECP2):c.251_252insT (p.Ala85fs),MECP2,"A85fs, A73fs",Pathogenic,"criteria provided, single submitter"
NM_001110792.2(MECP2):c.251del (p.Pro84fs),MECP2,"P72fs, P84fs",Pathogenic,"criteria provided, single submitter"
NM_001110792.2(MECP2):c.239C>G (p.Ser80Ter),MECP2,"S68*, S80*",Pathogenic/Likely pathogenic,"criteria provided, multiple submitters, no conflicts"
NM_001110792.2(MECP2):c.237del (p.Ser80fs),MECP2,"S68fs, S80fs",Pathogenic/Likely pathogenic,"criteria provided, multiple submitters, no conflicts"
NM_001110792.2(MECP2):c.230C>T (p.Ser77Leu),MECP2,"S77L, S65L",Pathogenic,"criteria provided, single submitter"
NM_001110792.2(MECP2):c.230C>G (p.Ser77Ter),MECP2,"S65*, S77*",Pathogenic/Likely pathogenic,"criteria provided, multiple submitters, no conflicts"
NM_001110792.2(MECP2):c.225_226del (p.Glu75fs),MECP2,"E63fs, E75fs",Pathogenic,"criteria provided, multiple submitters, no conflicts"
NM_001110792.2(MECP2):c.203_221del (p.Pro68fs),MECP2,"P56fs, P68fs",Pathogenic,"criteria provided, single submitter"
NM_001110792.2(MECP2):c.203_204del (p.Pro68fs),MECP2,"P56fs, P68fs",Pathogenic,"criteria provided, single submitter"
NM_001110792.2(MECP2):c.182C>G (p.Ser61Ter),MECP2,"S49*, S61*",Pathogenic,"criteria provided, multiple submitters, no conflicts"
NM_001110792.2(MECP2):c.182C>A (p.Ser61Ter),MECP2,"S49*, S61*",Pathogenic,"criteria provided, single submitter"
NM_001110792.2(MECP2):c.176dup (p.Pro60fs),MECP2,"P60fs, P48fs",Pathogenic,"criteria provided, single submitter"
NM_001110792.2(MECP2):c.153dup (p.Glu52fs),MECP2,"E40fs, E52fs",Pathogenic,"criteria provided, single submitter"
NM_001110792.2(MECP2):c.148_149insGCCAAAG (p.Glu50fs),MECP2,"E38fs, E50fs",Pathogenic,"criteria provided, single submitter"
NM_001110792.2(MECP2):c.143_149del (p.Lys48fs),MECP2,"K36fs, K48fs",Pathogenic/Likely pathogenic,"criteria provided, multiple submitters, no conflicts"
NM_001110792.2(MECP2):c.144_147del (p.Glu49fs),MECP2,"E37fs, E49fs",Pathogenic/Likely pathogenic,"criteria provided, multiple submitters, no conflicts"
NM_001110792.2(MECP2):c.143_144del (p.Lys48fs),MECP2,"K36fs, K48fs",Pathogenic,"criteria provided, single submitter"
NM_001110792.2(MECP2):c.136_139del (p.Asp46fs),MECP2,"D34fs, D46fs",Pathogenic,"criteria provided, multiple submitters, no conflicts"
NM_001110792.2(MECP2):c.112del (p.Leu38fs),MECP2,"L26fs, L38fs",Pathogenic,"criteria provided, multiple submitters, no conflicts"
NM_001110792.2(MECP2):c.100A>T (p.Lys34Ter),MECP2,"K22*, K34*",Pathogenic,"criteria provided, single submitter"
NM_001110792.2(MECP2):c.95del (p.Gly32fs),MECP2,"G20fs, G32fs",Pathogenic,"criteria provided, single submitter"
NM_001110792.2(MECP2):c.83_93del (p.Gln28fs),MECP2,"Q16fs, Q28fs",Pathogenic,"criteria provided, multiple submitters, no conflicts"
NM_001110792.2(MECP2):c.92dup (p.Leu33fs),MECP2,"L21fs, L33fs",Pathogenic/Likely pathogenic,"criteria provided, multiple submitters, no conflicts"
NM_001110792.2(MECP2):c.91C>T (p.Gln31Ter),MECP2,"Q19*, Q31*",Pathogenic,"criteria provided, multiple submitters, no conflicts"
NM_001110792.2(MECP2):c.86dup (p.Asp29fs),MECP2,"D17fs, D29fs",Pathogenic,"criteria provided, single submitter"
NM_001110792.2(MECP2):c.82C>T (p.Gln28Ter),MECP2,"Q16*, Q28*",Pathogenic,"criteria provided, multiple submitters, no conflicts"
NM_001110792.2(MECP2):c.71_78dup (p.Asp27fs),MECP2,"D27fs, D15fs",Pathogenic,"criteria provided, single submitter"
NM_001110792.2(MECP2):c.74C>G (p.Ser25Ter),MECP2,"S13*, S25*",Pathogenic,"criteria provided, multiple submitters, no conflicts"
NM_001110792.2(MECP2):c.63-2A>G,MECP2,,Pathogenic,"criteria provided, multiple submitters, no conflicts"
NM_001110792.2(MECP2):c.63-6C>G,MECP2,,Pathogenic/Likely pathogenic,"criteria provided, multiple submitters, no conflicts"
NM_004992.4(MECP2):c.20G>A (p.Gly7Glu),MECP2,G7E,Pathogenic,"criteria provided, multiple submitters, no conflicts"
NM_004992.4(MECP2):c.1A>T (p.Met1Leu),MECP2,M1L,Pathogenic,"criteria provided, single submitter"
NM_001110792.2(MECP2):c.62+2_62+3del,MECP2,,Pathogenic/Likely pathogenic,"criteria provided, multiple submitters, no conflicts"
NM_001110792.2(MECP2):c.62+2T>G,MECP2,,Pathogenic,reviewed by expert panel
NM_001110792.2(MECP2):c.62+1G>A,MECP2,,Pathogenic,reviewed by expert panel
NM_001110792.2(MECP2):c.59_60dup (p.Leu21fs),MECP2,L21fs,Pathogenic,"criteria provided, single submitter"
NM_001110792.2(MECP2):c.59_60del (p.Arg20fs),MECP2,R20fs,Pathogenic,"criteria provided, single submitter"
NM_001110792.2(MECP2):c.44_57dup (p.Arg20fs),MECP2,R20fs,Pathogenic,"criteria provided, multiple submitters, no conflicts"
NM_001110792.2(MECP2):c.47_57dup (p.Arg20fs),MECP2,R20fs,Pathogenic/Likely pathogenic,"criteria provided, multiple submitters, no conflicts"
NM_001110792.2(MECP2):c.47_57del (p.Gly16fs),MECP2,G16fs,Pathogenic,"criteria provided, multiple submitters, no conflicts"
NM_001110792.2(MECP2):c.48_55del (p.Glu18fs),MECP2,E18fs,Pathogenic,"criteria provided, multiple submitters, no conflicts"
NM_001110792.2(MECP2):c.48C>T (p.Gly16=),MECP2,,Pathogenic,"criteria provided, multiple submitters, no conflicts"
NM_001110792.2(MECP2):c.30_31del (p.Ser10fs),MECP2,S10fs,Pathogenic,"criteria provided, single submitter"
NM_001110792.2(MECP2):c.23_27dup (p.Ser10fs),MECP2,S10fs,Pathogenic,"criteria provided, single submitter"
NM_001110792.2(MECP2):c.23_27del (p.Ala8fs),MECP2|LOC130068854,A8fs,Pathogenic,"criteria provided, single submitter"
NM_001110792.2(MECP2):c.5C>T (p.Ala2Val),MECP2|LOC130068854,A2V,Pathogenic/Likely pathogenic,"criteria provided, multiple submitters, no conflicts"
NM_001110792.2(MECP2):c.1A>G (p.Met1Val),LOC130068854|MECP2,M1V,Pathogenic/Likely pathogenic,"criteria provided, multiple submitters, no conflicts"
GRCh37/hg19 Xq28(chrX:153297658-153298008)x3,MECP2,,Pathogenic,"criteria provided, single submitter"
NC_000023.10:g.(?_153293634)_(153298009_153357641)del,MECP2,,Pathogenic,"criteria provided, single submitter"
NC_000023.10:g.(?_153287023)_(153363175_?)dup,MECP2,,Pathogenic,"criteria provided, single submitter"
GRCh37/hg19 Xq28(chrX:153283692-153298113)x1,MECP2|IRAK1,,Pathogenic,"criteria provided, single submitter"
NC_000023.10:g.(?_153287263)_(153296026_153296261)del,MECP2,,Pathogenic,"criteria provided, single submitter"
GRCh37/hg19 Xq28(chrX:153295818-153298008),MECP2,,Pathogenic,"criteria provided, single submitter"
NC_000023.10:g.(?_153287263)_(153298009_153357641)del,MECP2,,Pathogenic,"criteria provided, single submitter"
NC_000023.10:g.(153296026_153296261)_(153298009_153357641)del,MECP2,,Pathogenic,"criteria provided, single submitter"
NC_000023.10:g.(?_153287263)_(153363189_?)del,MECP2,,Pathogenic,"criteria provided, single submitter"
NC_000023.10:g.153296106_153296275delins[NC_000008.10:g.50305003_50392184inv;TTACACAG],MECP2,,Pathogenic,"criteria provided, single submitter"
NC_000023.10:g.(?_153287264)_(153363188_?)dup,MECP2,,Pathogenic,"criteria provided, single submitter"
NM_001110792.1:c.384_1164del,MECP2,,Pathogenic,"criteria provided, single submitter"
NM_001110792.2(MECP2):c.*8503dup,MECP2,,Benign,"criteria provided, single submitter"
NM_001110792.2(MECP2):c.*8503del,MECP2,,Benign,"criteria provided, single submitter"
NM_001110792.2(MECP2):c.*7856A>C,MECP2,,Benign,"criteria provided, multiple submitters, no conflicts"
NM_001110792.2(MECP2):c.*7748C>T,MECP2,,Benign,"criteria provided, single submitter"
NM_001110792.2(MECP2):c.*5478AT[6],MECP2,,Benign,"criteria provided, single submitter"
NM_001110792.2(MECP2):c.*5348T>C,MECP2,,Benign/Likely benign,"criteria provided, multiple submitters, no conflicts"
NM_001110792.2(MECP2):c.*4576A>C,MECP2,,Benign,"criteria provided, single submitter"
NM_001110792.2(MECP2):c.*3878G>C,MECP2,,Benign,"criteria provided, multiple submitters, no conflicts"
NM_001110792.2(MECP2):c.*3662A>G,MECP2,,Benign,"criteria provided, single submitter"
NM_001110792.2(MECP2):c.*3658C>T,MECP2,,Benign,"criteria provided, single submitter"
NM_001110792.2(MECP2):c.*3638A>G,MECP2,,Benign,"criteria provided, single submitter"
NM_001110792.2(MECP2):c.*3477G>A,MECP2,,Benign,"criteria provided, single submitter"
NM_001110792.2(MECP2):c.*2956G>A,MECP2,,Benign,"criteria provided, single submitter"
NM_001110792.2(MECP2):c.*2706G>A,MECP2,,Benign/Likely benign,"criteria provided, multiple submitters, no conflicts"
NM_001110792.2(MECP2):c.*2657G>A,MECP2,,Benign,"criteria provided, single submitter"
NM_001110792.2(MECP2):c.*2556T>A,MECP2,,Benign,"criteria provided, single submitter"
NM_001110792.2(MECP2):c.*1737G>A,MECP2,,Benign,"criteria provided, multiple submitters, no conflicts"
NM_001110792.2(MECP2):c.*1368C>A,MECP2,,Benign/Likely benign,"criteria provided, multiple submitters, no conflicts"
NM_001110792.2(MECP2):c.*1237T>C,MECP2,,Benign,"criteria provided, single submitter"
NM_001110792.2(MECP2):c.*878C>G,MECP2,,Benign,"criteria provided, multiple submitters, no conflicts"
NM_001110792.2(MECP2):c.*861T>G,MECP2,,Benign,"criteria provided, single submitter"
NM_001110792.2(MECP2):c.*554G>A,MECP2,,Benign,"criteria provided, single submitter"
NM_001110792.2(MECP2):c.*544G>A,MECP2,,Benign,"criteria provided, single submitter"
NM_001110792.2(MECP2):c.*529G>T,MECP2,,Benign,"criteria provided, single submitter"
NM_001110792.2(MECP2):c.*489G>C,MECP2,,Benign,"criteria provided, multiple submitters, no conflicts"
NM_001110792.2(MECP2):c.*487G>C,MECP2,,Benign,"criteria provided, single submitter"
NM_001110792.2(MECP2):c.*393G>A,MECP2,,Benign,"criteria provided, single submitter"
NM_001110792.2(MECP2):c.*371G>C,MECP2,,Benign/Likely benign,"criteria provided, multiple submitters, no conflicts"
NM_001110792.2(MECP2):c.*363G>C,MECP2,,Benign,"criteria provided, single submitter"
NM_001110792.2(MECP2):c.*359G>C,MECP2,,Benign,"criteria provided, single submitter"
NM_001110792.2(MECP2):c.*328G>A,MECP2,,Benign,"criteria provided, multiple submitters, no conflicts"
NM_001110792.2(MECP2):c.*177G>C,MECP2,,Benign,"criteria provided, single submitter"
NM_001110792.2(MECP2):c.*156G>T,MECP2,,Benign,"criteria provided, single submitter"
NM_001110792.2(MECP2):c.*98dup,MECP2,,Benign/Likely benign,"criteria provided, multiple submitters, no conflicts"
NM_001110792.2(MECP2):c.*93G>A,MECP2,,Benign,"criteria provided, single submitter"
NM_001110792.2(MECP2):c.*55C>G,MECP2,,Benign,"criteria provided, single submitter"
NM_001110792.2(MECP2):c.*14G>A,MECP2,,Benign,reviewed by expert panel
NM_001110792.2(MECP2):c.*9G>A,MECP2,,Benign,"criteria provided, multiple submitters, no conflicts"
NM_001110792.2(MECP2):c.*8C>T,MECP2,,Benign,"criteria provided, single submitter"
NM_001110792.2(MECP2):c.1487G>C (p.Arg496Thr),MECP2,"R484T, R496T, R391T, R261T",Benign/Likely benign,"criteria provided, multiple submitters, no conflicts"
NM_001110792.2(MECP2):c.1485G>C (p.Glu495Asp),MECP2,"E483D, E495D, E390D, E260D",Benign/Likely benign,"criteria provided, multiple submitters, no conflicts"
NM_001110792.2(MECP2):c.1483G>A (p.Glu495Lys),MECP2,"E495K, E483K, E390K, E260K",Benign,reviewed by expert panel
NM_001110792.2(MECP2):c.1474C>T (p.Pro492Ser),MECP2,"P480S, P492S, P387S, P257S",Benign,"criteria provided, multiple submitters, no conflicts"
NM_001110792.2(MECP2):c.1473G>A (p.Thr491=),MECP2,,Benign/Likely benign,"criteria provided, multiple submitters, no conflicts"
NM_001110792.2(MECP2):c.1455G>C (p.Glu485Asp),MECP2,"E473D, E485D, E380D, E250D",Benign,reviewed by expert panel
NM_001110792.2(MECP2):c.1409G>A (p.Arg470His),MECP2,"R458H, R470H, R365H, R235H",Benign/Likely benign,"criteria provided, multiple submitters, no conflicts"
NM_001110792.2(MECP2):c.1375G>A (p.Ala459Thr),MECP2,"A447T, A459T, A354T, A224T",Benign,reviewed by expert panel
NM_001110792.2(MECP2):c.1371G>A (p.Thr457=),MECP2,,Benign/Likely benign,"criteria provided, multiple submitters, no conflicts"
NM_001110792.2(MECP2):c.1362_1370del (p.454TAA[1]),MECP2,,Benign/Likely benign,"criteria provided, multiple submitters, no conflicts"
NM_001110792.2(MECP2):c.1366G>A (p.Ala456Thr),MECP2,"A444T, A456T, A351T, A221T",Benign/Likely benign,"criteria provided, multiple submitters, no conflicts"
NM_001110792.2(MECP2):c.1363G>A (p.Ala455Thr),MECP2,"A443T, A455T, A350T, A220T",Benign,reviewed by expert panel
NM_001110792.2(MECP2):c.1362C>T (p.Thr454=),MECP2,,Benign,"criteria provided, multiple submitters, no conflicts"
NM_001110792.2(MECP2):c.1352C>T (p.Ala451Val),MECP2,"A216V, A346V, A439V, A451V",Benign/Likely benign,"criteria provided, multiple submitters, no conflicts"
NM_001110792.2(MECP2):c.1351G>A (p.Ala451Thr),MECP2,"A439T, A451T, A346T, A216T",Benign/Likely benign,"criteria provided, multiple submitters, no conflicts"
NM_001110792.2(MECP2):c.1351G>T (p.Ala451Ser),MECP2,"A439S, A451S, A346S, A216S",Benign,reviewed by expert panel
NM_001110792.2(MECP2):c.1324C>T (p.Pro442Ser),MECP2,"P430S, P442S, P337S, P207S",Benign,"criteria provided, multiple submitters, no conflicts"
NM_001110792.2(MECP2):c.1320C>T (p.Gly440=),MECP2,,Benign/Likely benign,"criteria provided, multiple submitters, no conflicts"
NM_001110792.2(MECP2):c.1318G>A (p.Gly440Ser),MECP2,"G428S, G440S, G335S, G205S",Benign,reviewed by expert panel
NM_001110792.2(MECP2):c.1302C>T (p.Gly434=),MECP2,,Benign/Likely benign,"criteria provided, multiple submitters, no conflicts"
NM_001110792.2(MECP2):c.1293C>T (p.Pro431=),MECP2,,Benign/Likely benign,"criteria provided, multiple submitters, no conflicts"
NM_001110792.2(MECP2):c.1291C>T (p.Pro431Ser),MECP2,"P419S, P431S, P326S, P196S",Benign,reviewed by expert panel
NM_001110792.2(MECP2):c.1289T>C (p.Met430Thr),MECP2,"M195T, M325T, M418T, M430T",Benign,reviewed by expert panel
NM_001110792.2(MECP2):c.1286A>T (p.Lys429Met),MECP2,"K417M, K429M, K324M, K194M",Benign,reviewed by expert panel
NM_001110792.2(MECP2):c.1275C>T (p.Cys425=),MECP2,,Benign/Likely benign,"criteria provided, multiple submitters, no conflicts"
NM_001110792.2(MECP2):c.1270G>A (p.Val424Ile),MECP2,"V412I, V424I, V319I, V189I",Benign/Likely benign,"criteria provided, multiple submitters, no conflicts"
NM_001110792.2(MECP2):c.1269C>T (p.Ser423=),MECP2,,Benign,"criteria provided, multiple submitters, no conflicts"
NM_001110792.2(MECP2):c.1251C>T (p.Pro417=),MECP2,,Benign/Likely benign,"criteria provided, multiple submitters, no conflicts"
NM_001110792.2(MECP2):c.1250C>T (p.Pro417Leu),MECP2,"P405L, P417L, P312L, P182L",Benign,reviewed by expert panel
NM_001110792.2(MECP2):c.1242C>T (p.Pro414=),MECP2,,Benign/Likely benign,"criteria provided, multiple submitters, no conflicts"
NM_001110792.2(MECP2):c.1241C>T (p.Pro414Leu),MECP2,"P402L, P414L, P309L, P179L",Benign,reviewed by expert panel
NM_001110792.2(MECP2):c.1240C>A (p.Pro414Thr),MECP2,"P402T, P414T, P309T, P179T",Benign,reviewed by expert panel
NM_001110792.2(MECP2):c.1233C>T (p.Pro411=),MECP2,,Benign/Likely benign,"criteria provided, multiple submitters, no conflicts"
NM_001110792.2(MECP2):c.1232C>T (p.Pro411Leu),MECP2,"P399L, P411L, P306L, P176L",Benign/Likely benign,"criteria provided, multiple submitters, no conflicts"
NM_001110792.2(MECP2):c.1225G>A (p.Glu409Lys),MECP2,"E397K, E409K, E304K, E174K",Benign,reviewed by expert panel
NM_001110792.2(MECP2):c.1224C>T (p.Ser408=),MECP2,,Benign,reviewed by expert panel
NM_001110792.2(MECP2):c.1216G>A (p.Glu406Lys),MECP2,"E394K, E406K, E301K, E171K",Benign,reviewed by expert panel
NM_001110792.2(MECP2):c.1198CCACCT[1] (p.Pro402_Pro403del),MECP2,,Benign/Likely benign,"criteria provided, multiple submitters, no conflicts"
NM_001110792.2(MECP2):c.1191_1202del (p.Leu398_Pro401del),MECP2,,Benign,reviewed by expert panel
NM_001110792.2(MECP2):c.1197_1202del (p.Pro402_Pro403del),MECP2,,Benign,reviewed by expert panel
NM_001110792.2(MECP2):c.1200A>C (p.Pro400=),MECP2,,Benign,reviewed by expert panel
NM_001110792.2(MECP2):c.1199C>T (p.Pro400Leu),MECP2,"P388L, P400L, P295L, P165L",Benign,reviewed by expert panel
NM_001110792.2(MECP2):c.1198C>G (p.Pro400Ala),MECP2,"P388A, P400A, P295A, P165A",Benign/Likely benign,"criteria provided, multiple submitters, no conflicts"
NM_001110792.2(MECP2):c.1198C>T (p.Pro400Ser),MECP2,"P388S, P400S, P295S, P165S",Benign,reviewed by expert panel
NM_001110792.2(MECP2):c.1197C>A (p.Pro399=),MECP2,,Benign,"criteria provided, single submitter"
NM_001110792.2(MECP2):c.1197C>T (p.Pro399=),MECP2,,Benign,"criteria provided, multiple submitters, no conflicts"
NM_001110792.2(MECP2):c.1196C>T (p.Pro399Leu),MECP2,"P387L, P399L, P294L, P164L",Benign,reviewed by expert panel
NM_001110792.2(MECP2):c.1187C>T (p.Pro396Leu),MECP2,"P384L, P396L, P291L, P161L",Benign,reviewed by expert panel
NM_001110792.2(MECP2):c.1186C>T (p.Pro396Ser),MECP2,"P384S, P396S, P291S, P161S",Benign,reviewed by expert panel
NM_001110792.2(MECP2):c.1183C>T (p.Leu395Phe),MECP2,"L383F, L395F, L290F, L160F",Benign,reviewed by expert panel
NM_001110792.2(MECP2):c.1176G>A (p.Val392=),MECP2,,Benign,reviewed by expert panel
NM_001110792.2(MECP2):c.1174G>A (p.Val392Met),MECP2,"V380M, V392M, V287M, V157M",Benign,reviewed by expert panel
NM_001110792.2(MECP2):c.1173C>T (p.Pro391=),MECP2,,Benign/Likely benign,"criteria provided, multiple submitters, no conflicts"
NM_001110792.2(MECP2):c.1171C>T (p.Pro391Ser),MECP2,"P156S, P286S, P379S, P391S",Benign,reviewed by expert panel
NM_001110792.2(MECP2):c.1169C>T (p.Ala390Val),MECP2,"A378V, A390V, A285V, A155V",Benign,reviewed by expert panel
NM_001110792.2(MECP2):c.1168G>T (p.Ala390Ser),MECP2,"A378S, A390S, A285S, A155S",Benign,reviewed by expert panel
NM_001110792.2(MECP2):c.1162C>T (p.Pro388Ser),MECP2,"P388S, P283S, P153S",Benign,reviewed by expert panel
NM_001110792.2(MECP2):c.1117C>G (p.Pro373Ala),MECP2,"P361A, P373A, P268A, P138A",Benign,reviewed by expert panel
NM_001110792.2(MECP2):c.1111T>C (p.Ser371Pro),MECP2,"S359P, S371P, S266P, S136P",Benign/Likely benign,"criteria provided, multiple submitters, no conflicts"
NM_001110792.2(MECP2):c.1108G>A (p.Ala370Thr),MECP2,"A358T, A370T, A265T, A135T",Benign/Likely benign,"criteria provided, multiple submitters, no conflicts"
NM_001110792.2(MECP2):c.1107C>T (p.Ser369=),MECP2,,Benign/Likely benign,"criteria provided, multiple submitters, no conflicts"
NM_001110792.2(MECP2):c.1097G>T (p.Arg366Leu),MECP2,"R354L, R366L, R261L, R131L",Benign,reviewed by expert panel
NM_001110792.2(MECP2):c.1096C>T (p.Arg366Cys),MECP2,"R354C, R366C, R261C, R131C",Benign,reviewed by expert panel
NM_001110792.2(MECP2):c.1071A>G (p.Lys357=),MECP2,,Benign,"criteria provided, multiple submitters, no conflicts"
NM_001110792.2(MECP2):c.1066C>T (p.Arg356Trp),MECP2,"R344W, R356W, R251W, R121W",Benign,reviewed by expert panel
NM_001110792.2(MECP2):c.1042C>G (p.Leu348Val),MECP2,"L336V, L348V, L243V, L113V",Benign,reviewed by expert panel
NM_001110792.2(MECP2):c.1032C>T (p.Ser344=),MECP2,,Benign/Likely benign,"criteria provided, multiple submitters, no conflicts"
NM_001110792.2(MECP2):c.1021G>A (p.Gly341Ser),MECP2,"G329S, G341S, G236S, G106S",Benign,"criteria provided, multiple submitters, no conflicts"
NM_001110792.2(MECP2):c.1020C>T (p.Leu340=),MECP2,,Benign/Likely benign,"criteria provided, multiple submitters, no conflicts"
NM_001110792.2(MECP2):c.1020C>A (p.Leu340=),MECP2,,Benign/Likely benign,"criteria provided, multiple submitters, no conflicts"
NM_001110792.2(MECP2):c.978C>T (p.Ile326=),MECP2,,Benign/Likely benign,"criteria provided, multiple submitters, no conflicts"
NM_001110792.2(MECP2):c.968C>T (p.Thr323Met),MECP2,"T311M, T323M, T218M, T88M",Benign,reviewed by expert panel
NM_001110792.2(MECP2):c.942C>G (p.Pro314=),MECP2,,Benign/Likely benign,"criteria provided, multiple submitters, no conflicts"
NM_001110792.2(MECP2):c.933C>T (p.Thr311=),MECP2,,Benign/Likely benign,"criteria provided, multiple submitters, no conflicts"
NM_001110792.2(MECP2):c.915C>G (p.Ile305Met),MECP2,"I293M, I305M, I200M, I70M",Benign,reviewed by expert panel
NM_001110792.2(MECP2):c.898G>A (p.Val300Met),MECP2,"V288M, V300M, V195M, V65M",Benign/Likely benign,"criteria provided, multiple submitters, no conflicts"
NM_001110792.2(MECP2):c.885C>G (p.Ala295=),MECP2,,Benign/Likely benign,"criteria provided, multiple submitters, no conflicts"
NM_001110792.2(MECP2):c.879C>T (p.Ala293=),MECP2,,Benign,"criteria provided, multiple submitters, no conflicts"
NM_001110792.2(MECP2):c.877G>A (p.Ala293Thr),MECP2,"A281T, A293T, A188T, A58T",Benign,reviewed by expert panel
NM_001110792.2(MECP2):c.876C>T (p.Ala292=),MECP2,,Benign,reviewed by expert panel
NM_001110792.2(MECP2):c.870C>T (p.Ala290=),MECP2,,Benign/Likely benign,"criteria provided, multiple submitters, no conflicts"
NM_001110792.2(MECP2):c.860T>C (p.Val287Ala),MECP2,"V275A, V287A, V182A, V52A",Benign,reviewed by expert panel
NM_001110792.2(MECP2):c.855G>T (p.Gly285=),MECP2,,Benign,"criteria provided, multiple submitters, no conflicts"
NM_001110792.2(MECP2):c.851C>T (p.Pro284Leu),MECP2,"P272L, P284L, P179L, P49L",Benign/Likely benign,"criteria provided, multiple submitters, no conflicts"
NM_001110792.2(MECP2):c.846A>G (p.Arg282=),MECP2,,Benign/Likely benign,"criteria provided, multiple submitters, no conflicts"
NM_001110792.2(MECP2):c.831C>G (p.Pro277=),MECP2,,Benign/Likely benign,"criteria provided, multiple submitters, no conflicts"
NM_001110792.2(MECP2):c.813C>T (p.Ala271=),MECP2,,Benign/Likely benign,"criteria provided, multiple submitters, no conflicts"
NM_001110792.2(MECP2):c.789C>T (p.Pro263=),MECP2,,Benign/Likely benign,"criteria provided, multiple submitters, no conflicts"
NM_001110792.2(MECP2):c.786C>T (p.Arg262=),MECP2,,Benign/Likely benign,"criteria provided, multiple submitters, no conflicts"
NM_001110792.2(MECP2):c.786C>A (p.Arg262=),MECP2,,Benign/Likely benign,"criteria provided, multiple submitters, no conflicts"
NM_001110792.2(MECP2):c.784C>T (p.Arg262Cys),MECP2,"R250C, R262C, R157C, R27C",Benign,reviewed by expert panel
NM_001110792.2(MECP2):c.756C>T (p.Thr252=),MECP2,,Benign/Likely benign,"criteria provided, multiple submitters, no conflicts"
NM_001110792.2(MECP2):c.737C>G (p.Ala246Gly),MECP2,"A234G, A246G, A141G, A11G",Benign,reviewed by expert panel
NM_001110792.2(MECP2):c.731G>C (p.Gly244Ala),MECP2,"G232A, G244A, G139A, G9A",Benign,"criteria provided, multiple submitters, no conflicts"
NM_001110792.2(MECP2):c.722C>T (p.Ser241Leu),MECP2,"S229L, S241L, S136L, S6L",Benign/Likely benign,"criteria provided, multiple submitters, no conflicts"
NM_001110792.2(MECP2):c.719C>G (p.Thr240Ser),MECP2,"T228S, T240S, T135S, T5S",Benign,"criteria provided, multiple submitters, no conflicts"
NM_001110792.2(MECP2):c.717A>C (p.Gln239His),MECP2,"Q134H, Q227H, Q239H, Q4H",Benign/Likely benign,"criteria provided, multiple submitters, no conflicts"
NM_001110792.2(MECP2):c.702C>G (p.Val234=),MECP2,,Benign,"criteria provided, multiple submitters, no conflicts"
NM_001110792.2(MECP2):c.696C>T (p.Leu232=),MECP2,,Benign/Likely benign,"criteria provided, multiple submitters, no conflicts"
NM_001110792.2(MECP2):c.673C>G (p.Leu225Val),MECP2,"L120V, L213V, L225V",Benign,reviewed by expert panel
NM_001110792.2(MECP2):c.669G>C (p.Arg223Ser),MECP2,"R211S, R223S, R118S",Benign/Likely benign,"criteria provided, multiple submitters, no conflicts"
NM_001110792.2(MECP2):c.653G>C (p.Gly218Ala),MECP2,"G206A, G218A, G113A",Benign,reviewed by expert panel
NM_001110792.2(MECP2):c.645G>A (p.Thr215=),MECP2,,Benign/Likely benign,"criteria provided, multiple submitters, no conflicts"
NM_001110792.2(MECP2):c.644C>T (p.Thr215Met),MECP2,"T203M, T215M, T110M",Benign,reviewed by expert panel
NM_001110792.2(MECP2):c.641C>T (p.Ala214Val),MECP2,"A202V, A214V, A109V",Benign/Likely benign,"criteria provided, multiple submitters, no conflicts"
NM_001110792.2(MECP2):c.639G>A (p.Ala213=),MECP2,,Benign/Likely benign,"criteria provided, multiple submitters, no conflicts"
NM_001110792.2(MECP2):c.638C>T (p.Ala213Val),MECP2,"A201V, A213V, A108V",Benign,reviewed by expert panel
NM_001110792.2(MECP2):c.633C>G (p.Pro211=),MECP2,,Benign,reviewed by expert panel
NM_001110792.2(MECP2):c.632C>A (p.Pro211His),MECP2,"P199H, P211H, P106H",Benign,"criteria provided, multiple submitters, no conflicts"
NM_001110792.2(MECP2):c.631C>T (p.Pro211Ser),MECP2,"P106S, P199S, P211S",Benign,reviewed by expert panel
NM_001110792.2(MECP2):c.626C>T (p.Thr209Met),MECP2,"T197M, T209M, T104M",Benign/Likely benign,"criteria provided, multiple submitters, no conflicts"
NM_001110792.2(MECP2):c.623C>G (p.Thr208Ser),MECP2,"T196S, T208S, T103S",Benign/Likely benign,"criteria provided, multiple submitters, no conflicts"
NM_001110792.2(MECP2):c.621C>T (p.Gly207=),MECP2,,Benign,"criteria provided, multiple submitters, no conflicts"
NM_001110792.2(MECP2):c.618C>T (p.Ser206=),MECP2,,Benign/Likely benign,"criteria provided, multiple submitters, no conflicts"
NM_001110792.2(MECP2):c.563C>G (p.Pro188Arg),MECP2,"P176R, P188R, P83R",Benign/Likely benign,"criteria provided, multiple submitters, no conflicts"
NM_001110792.2(MECP2):c.551C>T (p.Pro184Leu),MECP2,"P172L, P184L, P79L",Benign,reviewed by expert panel
NM_001110792.2(MECP2):c.510G>A (p.Thr170=),MECP2,,Benign/Likely benign,"criteria provided, multiple submitters, no conflicts"
NM_001110792.2(MECP2):c.474C>T (p.Gly158=),MECP2,,Benign,reviewed by expert panel
NM_001110792.2(MECP2):c.462C>T (p.Phe154=),MECP2,,Benign/Likely benign,"criteria provided, multiple submitters, no conflicts"
NM_001110792.2(MECP2):c.429C>G (p.Ala143=),MECP2,,Benign,reviewed by expert panel
NM_001110792.2(MECP2):c.425A>G (p.Lys142Arg),MECP2,"K130R, K142R, K37R",Benign,"criteria provided, single submitter"
NM_001110792.2(MECP2):c.414-3C>T,MECP2,,Benign,reviewed by expert panel
NM_001110792.2(MECP2):c.414-6C>G,MECP2,,Benign,reviewed by expert panel
NM_001110792.2(MECP2):c.414-17del,MECP2,,Benign/Likely benign,"criteria provided, multiple submitters, no conflicts"
NM_001110792.2(MECP2):c.414-20C>G,MECP2,,Benign,"criteria provided, multiple submitters, no conflicts"
NM_001110792.2(MECP2):c.414-61C>G,MECP2,,Benign,"criteria provided, single submitter"
NM_001110792.2(MECP2):c.414-65C>G,MECP2,,Benign,"criteria provided, single submitter"
NM_001110792.2(MECP2):c.414-70C>G,MECP2,,Benign,"criteria provided, single submitter"
NM_001110792.2(MECP2):c.414-74C>T,MECP2,,Benign/Likely benign,"criteria provided, multiple submitters, no conflicts"
NM_001110792.2(MECP2):c.414-109A>G,MECP2,,Benign,"criteria provided, multiple submitters, no conflicts"
NM_001110792.2(MECP2):c.414-241C>T,MECP2,,Benign,"criteria provided, multiple submitters, no conflicts"
NM_001110792.2(MECP2):c.413+266T>C,MECP2,,Benign,"criteria provided, multiple submitters, no conflicts"
NM_001110792.2(MECP2):c.413+95G>A,MECP2,,Benign,"criteria provided, single submitter"
NM_001110792.2(MECP2):c.413+28A>G,MECP2,,Benign,"criteria provided, multiple submitters, no conflicts"
NM_001110792.2(MECP2):c.413+22C>G,MECP2,,Benign,"criteria provided, multiple submitters, no conflicts"
NM_001110792.2(MECP2):c.411C>A (p.Ile137=),MECP2,,Benign,reviewed by expert panel
NM_001110792.2(MECP2):c.312A>G (p.Gly104=),MECP2,,Benign,reviewed by expert panel
NM_001110792.2(MECP2):c.301C>T (p.Arg101Cys),MECP2,"R101C, R89C",Benign,reviewed by expert panel
NM_001110792.2(MECP2):c.281A>G (p.Lys94Arg),MECP2,"K82R, K94R",Benign/Likely benign,"criteria provided, multiple submitters, no conflicts"
NM_001110792.2(MECP2):c.260C>T (p.Pro87Leu),MECP2,"P75L, P87L",Benign,reviewed by expert panel
NM_001110792.2(MECP2):c.246C>T (p.Ser82=),MECP2,,Benign/Likely benign,"criteria provided, multiple submitters, no conflicts"
NM_001110792.2(MECP2):c.204C>T (p.Pro68=),MECP2,,Benign,reviewed by expert panel
NM_001110792.2(MECP2):c.191A>G (p.His64Arg),MECP2,"H52R, H64R",Benign,reviewed by expert panel
NM_001110792.2(MECP2):c.90C>G (p.Leu30=),MECP2,,Benign,reviewed by expert panel
NM_001110792.2(MECP2):c.63-13972A>T,MECP2,,Benign,"criteria provided, single submitter"
NM_001110792.2(MECP2):c.63-27438T>G,MECP2,,Benign,"criteria provided, single submitter"
NM_001110792.2(MECP2):c.62+21995G>T,MECP2,,Benign,"criteria provided, single submitter"
NM_001110792.2(MECP2):c.62+14626C>T,MECP2,,Benign,"criteria provided, single submitter"
NM_001110792.2(MECP2):c.62+5503del,MECP2,,Benign,"criteria provided, single submitter"
NM_001110792.2(MECP2):c.62+5380C>T,MECP2,,Benign,"criteria provided, single submitter"
NM_001110792.2(MECP2):c.55G>A (p.Glu19Lys),MECP2,E19K,Benign,reviewed by expert panel
NM_001110792.2(MECP2):c.33AGG[7] (p.Gly15_Gly16dup),MECP2,,Benign,reviewed by expert panel
NM_001110792.2(MECP2):c.33AGG[6] (p.Gly16dup),MECP2,,Benign,reviewed by expert panel
NM_001110792.2(MECP2):c.6CGC[8] (p.Ala7_Ala8dup),LOC130068854|MECP2,,Benign,reviewed by expert panel
NM_001110792.2(MECP2):c.6CGC[7] (p.Ala8dup),LOC130068854|MECP2,,Benign,reviewed by expert panel
NM_001110792.2(MECP2):c.6CGC[5] (p.Ala8del),LOC130068854|MECP2,A8del,Benign/Likely benign,"criteria provided, multiple submitters, no conflicts"
NM_001110792.2(MECP2):c.6CGC[3] (p.Ala6_Ala8del),LOC130068854|MECP2,,Benign,reviewed by expert panel
NM_001110792.2(MECP2):c.13G>A (p.Ala5Thr),MECP2|LOC130068854,A5T,Benign,reviewed by expert panel
NM_001110792.2(MECP2):c.-31AG[2],MECP2|LOC130068854,,Benign,reviewed by expert panel
